,Date,Unix,Ticker,DE Ratio,Price,stock_p_change,SP500,sp500_p_change,Difference,Status
0,2004-01-30 19:01:02,1075518062.0,a,0.407,36.65,0.0,1131.130005,0.0,0.0,underperform
1,2004-04-13 04:07:11,1081854431.0,a,0.375,31.87,-13.042291950886762,1129.439941,-0.14941377140816745,-12.892878179478595,underperform
2,2004-12-13 21:37:34,1103002654.0,a,0.323,23.84,-34.95225102319236,1198.680054,5.971908507545951,-40.92415953073831,underperform
3,2005-01-22 05:17:19,1106399839.0,a,0.322,21.8,-40.518417462482944,1184.630005,4.729783469938099,-45.24820093242104,underperform
4,2006-01-09 02:35:16,1136802916.0,a,0.0,34.65,-5.457025920873124,1290.150024,14.058509481410145,-19.51553540228327,underperform
5,2006-06-21 11:01:16,1150912876.0,a,0.368,32.18,-12.19645293315143,1252.199951,10.703451014899041,-22.899903948050472,underperform
6,2006-08-19 10:42:01,1156009321.0,a,0.396,31.8,-13.23328785811732,1295.430054,14.525301978882608,-27.758589836999928,underperform
7,2007-02-20 17:46:56,1172022416.0,a,0.411,32.48,-11.377899045020468,1459.680054,29.046179267430887,-40.42407831245136,underperform
8,2007-04-12 05:07:51,1176379671.0,a,0.411,34.62,-5.538881309686224,1447.800049,27.995901673565804,-33.53478298325203,underperform
9,2008-01-23 19:28:50,1201145330.0,a,0.645,32.16,-12.251023192360169,1338.599976,18.3418325111091,-30.59285570346927,underperform
10,2008-02-14 04:44:34,1202993074.0,a,0.645,32.68,-10.832196452933148,1348.859985,19.248890846989784,-30.081087299922935,underperform
11,2008-04-26 04:49:23,1209210563.0,a,0.67,31.53,-13.969986357435191,1379.930054,21.995707646354933,-35.96569400379013,underperform
12,2008-12-06 19:21:33,1228620093.0,a,0.83,17.26,-52.905866302864936,870.73999,-23.020343713718386,-29.88552258914655,underperform
13,2009-08-02 05:46:24,1249217184.0,a,0.83,23.22,-36.643929058663026,986.75,-12.76422730913234,-23.87970174953069,underperform
14,2011-08-02 06:45:37,1312292737.0,a,54.36,40.79,11.296043656207368,1254.050049,10.867012938976892,0.4290307172304768,outperform
15,2011-11-08 05:04:16,1320757456.0,a,51.62,37.74,2.9740791268758624,1275.920044,12.80047725371762,-9.826398126841758,underperform
16,2013-05-14 00:28:58,1368516538.0,a,44.12,43.04,17.435197817189636,1650.339966,45.90188207411225,-28.466684256922616,underperform
17,2013-09-06 06:09:52,1378472992.0,a,56.39,47.68,30.095497953615286,1655.170044,46.32889558968069,-16.233397636065405,underperform
18,2004-04-13 04:20:10,1081855210.0,aa,0.595,34.26,-6.5211459754433845,1129.439941,-0.14941377140816745,-6.371732204035217,underperform
19,2004-09-09 16:15:45,1094771745.0,aa,0.561,32.89,-10.259208731241468,1118.380005,-1.1271913876955284,-9.13201734354594,underperform
20,2004-11-24 10:37:20,1101321440.0,aa,0.53,33.58,-8.376534788540246,1181.76001,4.476055340782865,-12.852590129323112,underperform
21,2004-12-05 00:36:42,1102235802.0,aa,0.53,32.86,-10.341064120054568,1190.329956,5.233699993662537,-15.574764113717105,underperform
22,2005-01-13 07:18:32,1105629512.0,aa,0.457,29.43,-19.699863574351976,1177.449951,4.095015232135061,-23.794878806487038,underperform
23,2005-02-07 03:48:37,1107776917.0,aa,0.457,29.37,-19.863574351978166,1201.719971,6.24065895944472,-26.104233311422885,underperform
24,2005-05-22 08:48:23,1116776903.0,aa,0.543,27.45,-25.102319236016367,1191.079956,5.300005369409333,-30.4023246054257,underperform
25,2006-06-20 04:32:21,1150803141.0,aa,0.526,29.1,-20.600272851296037,1240.119995,9.635496319452692,-30.23576917074873,underperform
26,2007-01-25 19:09:37,1169780977.0,aa,0.494,31.46,-14.16098226466575,1423.900024,25.882968156255394,-40.04395042092114,underperform
27,2007-02-23 09:03:42,1172250222.0,aa,0.494,34.75,-5.184174624829464,1451.189941,28.295592423967225,-33.47976704879669,underperform
28,2007-05-16 21:12:47,1179375167.0,aa,0.494,39.04,6.5211459754433845,1514.140015,33.86083017044535,-27.33968419500196,underperform
29,2007-06-22 06:39:12,1182519552.0,aa,0.503,40.34,10.068212824010928,1502.560059,32.83707905883019,-22.768866234819264,underperform
30,2007-10-11 20:57:59,1192161479.0,aa,0.47,38.08,3.9017735334242833,1554.410034,37.42098849194616,-33.51921495852188,underperform
31,2008-01-23 16:05:53,1201133153.0,aa,0.499,28.04,-23.4924965893588,1338.599976,18.3418325111091,-41.8343291004679,underperform
32,2008-10-28 00:52:22,1225180342.0,aa,0.672,9.04,-75.33424283765348,940.51001,-16.85217385776978,-58.48206897988369,underperform
33,2008-12-05 01:03:15,1228467795.0,aa,0.672,8.06,-78.0081855388813,876.070007,-22.549132007155972,-55.45905353172533,underperform
34,2008-12-06 09:33:46,1228584826.0,aa,0.672,8.15,-77.76261937244202,870.73999,-23.020343713718386,-54.74227565872363,underperform
35,2008-12-18 10:54:07,1229626447.0,aa,0.672,10.35,-71.75989085948157,885.2800289999999,-21.734900048027644,-50.02499081145393,underperform
36,2009-03-09 18:17:50,1236647870.0,aa,0.672,5.49,-85.02046384720326,676.530029,-40.189896297552465,-44.830567549650794,underperform
37,2011-09-03 09:21:23,1315066883.0,aa,48.26,12.04,-67.1487039563438,1218.890015,7.758613918123405,-74.9073178744672,underperform
38,2011-11-02 22:04:47,1320296687.0,aa,50.93,10.7,-70.8049113233288,1237.900024,9.439234971050038,-80.24414629437884,underperform
39,2011-11-05 21:29:24,1320553764.0,aa,50.93,10.93,-70.17735334242838,1237.900024,9.439234971050038,-79.61658831347842,underperform
40,2012-01-02 19:42:06,1325562126.0,aa,50.93,8.65,-76.39836289222373,1257.599976,11.180851930455155,-87.57921482267889,underperform
41,2012-03-09 07:34:06,1331307246.0,aa,54.5,9.77,-73.34242837653478,1370.869995,21.194733491310757,-94.53716186784554,underperform
42,2012-03-19 02:24:48,1332149088.0,aa,54.5,10.54,-71.24147339699863,1409.75,24.632004612060488,-95.87347800905911,underperform
43,2012-05-19 11:51:52,1337453512.0,aa,55.28,8.43,-76.99863574351978,1324.800049,17.121820051091294,-94.12045579461108,underperform
44,2012-07-29 16:51:57,1343605917.0,aa,56.42,8.45,-76.94406548431105,1360.02002,20.235517932352963,-97.17958341666402,underperform
45,2012-11-27 11:38:14,1354045094.0,aa,56.51,8.31,-77.32605729877217,1398.939941,23.67631791360712,-101.00237521237929,underperform
46,2013-01-22 17:52:37,1358905957.0,aa,53.49,9.16,-75.00682128240109,1492.560059,31.95300738220625,-106.95982866460734,underperform
47,2013-04-23 20:02:57,1366772577.0,aa,53.21,8.12,-77.84447476125513,1578.780029,39.57547072584288,-117.419945487098,underperform
48,2013-04-26 20:55:15,1367034915.0,aa,53.21,8.27,-77.43519781718963,1582.23999,39.88135607807522,-117.31655389526486,underperform
49,2013-09-01 04:25:11,1378034711.0,aa,52.71,7.7,-78.99045020463848,1638.170044,44.825973739419986,-123.81642394405847,underperform
50,2003-12-07 10:36:10,1070822170.0,aapl,0.072,20.85,-43.11050477489767,1069.719971,-5.429087171991339,-37.68141760290633,underperform
51,2004-02-03 07:33:34,1075822414.0,aapl,0.07,22.32,-39.09959072305593,1136.030029,0.4331972433177591,-39.53278796637369,underperform
52,2004-06-03 01:20:38,1086250838.0,aapl,0.0,28.92,-21.091405184174615,1116.640015,-1.281018975356421,-19.810386208818194,underperform
53,2004-08-10 02:02:44,1092128564.0,aapl,0.0,30.3,-17.326057298772163,1079.040039,-4.605126357690423,-12.72093094108174,underperform
54,2004-10-12 05:40:57,1097584857.0,aapl,0.0,38.59,5.293315143246944,1121.839966,-0.8213060354631808,6.114621178710125,outperform
55,2004-12-04 14:16:51,1102198611.0,aapl,0.0,62.68,71.0231923601637,1191.369995,5.325646895910964,65.69754546425274,outperform
56,2005-01-26 15:16:47,1106781407.0,aapl,0.0,71.94,96.28922237380628,1174.069946,3.7961985634003312,92.49302381040596,outperform
57,2005-02-04 03:07:08,1107515228.0,aapl,0.0,77.81,112.30559345156892,1203.030029,6.356477476698183,105.94911597487074,outperform
58,2005-03-01 10:36:03,1109702163.0,aapl,0.0,44.86,22.40109140518418,1210.410034,7.00892281608249,15.39216858910169,outperform
59,2005-12-17 11:55:53,1134849353.0,aapl,0.0,71.11,94.02455661664393,1272.73999,12.519337686564159,81.50521893007978,outperform
60,2006-01-25 09:43:52,1138211032.0,aapl,0.0,76.04,107.4761255115962,1264.680054,11.806781573263981,95.66934393833222,outperform
61,2006-02-03 13:49:59,1139003399.0,aapl,0.0,72.1,96.72578444747612,1264.030029,11.749314704104242,84.97646974337188,outperform
62,2006-02-07 09:17:30,1139332650.0,aapl,0.0,67.3,83.62892223738064,1254.780029,10.931548403227092,72.69737383415354,outperform
63,2006-02-17 15:01:01,1140217261.0,aapl,0.0,70.21,91.56889495225101,1287.23999,13.801241617668877,77.76765333458214,outperform
64,2007-02-17 21:52:03,1171777923.0,aapl,0.0,84.83,131.45975443383358,1455.300049,28.65895543103376,102.80079900279982,outperform
65,2007-02-19 17:27:55,1171934875.0,aapl,0.0,84.83,131.45975443383358,1455.540039,28.680172267201065,102.77958216663251,outperform
66,2008-01-23 06:28:45,1201098525.0,aapl,0.0,155.64,324.6657571623465,1338.599976,18.3418325111091,306.3239246512374,outperform
67,2008-10-27 05:55:02,1225112102.0,aapl,0.0,96.38,162.97407912687584,848.919983,-24.949388730962006,187.92346785783784,outperform
68,2008-10-29 21:14:51,1225340091.0,aapl,0.0,104.55,185.2660300136426,930.090027,-17.77337504189008,203.03940505553268,outperform
69,2008-10-31 22:34:03,1225517643.0,aapl,0.0,107.59,193.56070941336972,968.75,-14.355556327055439,207.91626574042516,outperform
70,2008-12-03 23:41:54,1228376514.0,aapl,0.0,95.9,161.66439290586635,870.73999,-23.020343713718386,184.68473661958473,outperform
71,2008-12-07 14:27:24,1228688844.0,aapl,0.0,94.0,156.48021828103685,845.2199710000001,-25.27649631219887,181.75671459323573,outperform
72,2008-12-16 01:57:34,1229421454.0,aapl,0.0,94.75,158.52660300136426,913.179993,-19.26834325290487,177.79494625426912,outperform
73,2008-12-17 02:12:01,1229508721.0,aapl,0.0,95.43,160.38199181446114,904.419983,-20.04279092569912,180.42478274016025,outperform
74,2009-01-01 01:31:55,1230802315.0,aapl,0.0,85.35,132.87858117326056,869.419983,-23.137041793882922,156.01562296714349,outperform
75,2009-01-12 07:25:12,1231773912.0,aapl,0.0,90.58,147.1487039563438,870.26001,-23.06277738605299,170.2114813423968,outperform
76,2009-10-22 17:48:46,1256258926.0,aapl,0.0,204.211,457.1923601637108,1092.910034,-3.37891938424885,460.57127954795965,outperform
77,2009-11-12 14:53:38,1258066418.0,aapl,0.0,204.096,456.87858117326056,1087.23999,-3.88019191481,460.75877308807054,outperform
78,2011-05-22 15:41:19,1306104079.0,aapl,0.0,335.22,814.6521145975445,1343.599976,18.783868349421073,795.8682462481235,outperform
79,2011-09-02 04:10:00,1314961800.0,aapl,0.0,381.03,939.6452933151434,1173.969971,3.7873600568132755,935.85793325833,outperform
80,2011-09-24 00:15:37,1316848537.0,aapl,0.0,404.3,1003.1377899045023,1166.76001,3.1499478258469487,999.9878420786553,outperform
81,2011-09-24 05:43:35,1316868215.0,aapl,0.0,404.3,1003.1377899045023,1166.76001,3.1499478258469487,999.9878420786553,outperform
82,2011-10-08 05:59:01,1318078741.0,aapl,0.0,369.8,909.0040927694408,1144.030029,1.1404545846169143,907.8636381848239,outperform
83,2011-10-14 06:15:31,1318598131.0,aapl,0.0,408.43,1014.4065484311051,1224.579956,8.261645486099544,1006.1449029450056,outperform
84,2011-11-03 17:19:46,1320365986.0,aapl,0.0,399.21,989.24965893588,1261.150024,11.494701619200708,977.7549573166793,outperform
85,2012-01-08 08:59:52,1326041992.0,aapl,0.0,422.4,1052.5238744884039,1281.060059,13.254891421609837,1039.2689830667941,outperform
86,2012-05-15 15:13:11,1337119991.0,aapl,0.0,559.26,1425.948158253752,1330.660034,17.639884727485416,1408.3082735262665,outperform
87,2012-09-23 15:53:29,1348440809.0,aapl,0.0,700.09,1810.204638472033,1460.26001,29.0974515347597,1781.1071869372731,outperform
88,2012-10-11 20:20:07,1350012007.0,aapl,0.0,628.1,1613.778990450205,1432.839966,26.673323107541474,1587.1056673426635,outperform
89,2012-10-21 05:19:34,1350821974.0,aapl,0.0,609.84,1563.9563437926333,1457.339966,28.839298715270132,1535.1170450773632,outperform
90,2013-01-20 19:31:49,1358739109.0,aapl,0.0,500.0,1264.256480218281,1480.939941,30.92570566192346,1233.3307745563575,outperform
91,2013-04-23 03:01:29,1366711289.0,aapl,0.0,398.67,987.7762619372444,1578.780029,39.57547072584288,948.2007912114016,outperform
92,2013-05-16 23:28:32,1368772112.0,aapl,0.0,434.58,1085.7571623465212,1650.469971,45.9133754479442,1039.843786898577,outperform
93,2013-08-11 02:30:32,1376213432.0,aapl,13.75,454.45,1139.9727148703957,1697.47998,50.06939719541788,1089.9033176749779,outperform
94,2013-06-19 09:57:38,1371661058.0,abbv,512.61,43.54,18.799454297407912,1628.930054,44.00909239429114,-25.209638096883225,underperform
95,2003-10-26 16:06:32,1067209592.0,abc,0.592,57.01,55.5525238744884,1033.77002,-8.607320517503208,64.15984439199161,outperform
96,2004-01-28 07:37:34,1075304254.0,abc,0.429,56.36,53.778990450204645,1128.47998,-0.23428120448452908,54.01327165468918,outperform
97,2004-05-16 19:24:15,1084760655.0,abc,0.412,58.97,60.90040927694407,1096.439941,-3.066850304267182,63.96725958121125,outperform
98,2004-10-20 01:31:26,1098261086.0,abc,0.331,52.1,42.15552523874489,1103.660034,-2.4285423318781105,44.584067570623006,outperform
99,2005-01-08 07:45:42,1105199142.0,abc,0.332,57.9,57.98090040927695,1183.73999,4.651099764611058,53.32980064466589,outperform
100,2005-03-30 19:52:42,1112237562.0,abc,0.291,55.44,51.268758526602994,1181.410034,4.445114953873054,46.82364357272994,outperform
101,2005-05-26 01:50:44,1117097444.0,abc,0.23,65.93,79.89085948158257,1197.619995,5.878191693800929,74.01266778778164,outperform
102,2005-12-04 08:46:13,1133714773.0,abc,0.223,79.46,116.80763983628921,1264.670044,11.805896617515684,105.00174321877353,outperform
103,2007-02-20 06:12:02,1171980722.0,abc,0.308,54.9,49.79536152796726,1459.680054,29.046179267430887,20.749182260536372,outperform
104,2007-04-05 16:11:07,1175814667.0,abc,0.308,53.94,47.17598908594815,1443.76001,27.638733268330196,19.537255817617957,outperform
105,2008-01-23 20:34:05,1201149245.0,abc,0.396,45.55,24.2837653478854,1338.599976,18.3418325111091,5.941932836776299,outperform
106,2009-02-09 08:47:34,1234198054.0,abc,0.396,38.76,5.757162346521145,869.8900150000001,-23.095487596052227,28.852649942573372,outperform
107,2010-08-21 11:26:32,1282415192.0,abc,0.396,28.92,-21.091405184174615,1094.160034,-3.268410424670857,-17.822994759503757,underperform
108,2011-07-08 00:04:15,1310108655.0,abc,42.86,43.05,17.462482946793994,1343.800049,18.801556236676788,-1.3390732898827942,underperform
109,2012-02-28 18:01:38,1330480898.0,abc,66.41,37.75,3.001364256480222,1372.180054,21.310552096971378,-18.309187840491155,underperform
110,2013-04-25 01:02:00,1366876920.0,abc,59.73,55.82,52.305593451568896,1585.160034,40.13950889756479,12.166084554004108,outperform
111,2004-09-20 13:31:02,1095712262.0,abt,0.543,42.92,17.107776261937254,1122.199951,-0.7894807812122292,17.897257043149484,outperform
112,2004-10-23 22:48:08,1098596888.0,abt,0.543,40.86,11.487039563437929,1103.660034,-2.4285423318781105,13.91558189531604,outperform
113,2005-01-25 12:44:11,1106685851.0,abt,0.508,45.93,25.3206002728513,1168.410034,3.2958217742619262,22.024778498589374,outperform
114,2005-02-28 19:21:54,1109647314.0,abt,0.508,45.61,24.4474761255116,1203.599976,6.406864876685859,18.04061124882574,outperform
115,2006-06-17 18:01:01,1150592461.0,abt,0.436,42.78,16.725784447476133,1230.040039,8.744355959331129,7.981428488145005,outperform
116,2006-07-18 12:32:14,1153251134.0,abt,0.436,44.48,21.364256480218277,1236.859985,9.34728806880161,12.016968411416666,outperform
117,2007-01-13 21:19:42,1168751982.0,abt,0.604,50.45,37.65347885402457,1414.849976,25.082879045366674,12.570599808657896,outperform
118,2007-03-23 02:47:40,1174643260.0,abt,0.883,54.5,48.70395634379264,1436.109985,26.96241622553369,21.74154011825895,outperform
119,2007-04-10 20:13:09,1176261189.0,abt,0.883,57.11,55.82537517053206,1448.390015,28.048058896642917,27.777316273889145,outperform
120,2007-06-03 02:36:35,1180863395.0,abt,0.871,56.3,53.61527967257844,1530.619995,35.317778525378266,18.297501147200173,outperform
121,2008-01-23 23:41:45,1201160505.0,abt,0.784,57.97,58.17189631650751,1338.599976,18.3418325111091,39.83006380539841,outperform
122,2008-04-28 03:46:55,1209379615.0,abt,0.687,51.28,39.91814461118691,1396.369995,23.449116266701814,16.469028344485096,outperform
123,2008-10-23 21:57:42,1224824262.0,abt,0.732,55.02,50.12278308321966,908.1099849999999,-19.716568300210554,69.83935138343021,outperform
124,2008-12-25 05:30:56,1230211856.0,abt,0.546,52.65,43.656207366984994,871.6300050000001,-22.941660008391334,66.59786737537632,outperform
125,2011-08-05 04:11:33,1312542693.0,abt,76.17,48.77,33.06957708049115,1199.380005,6.033789192958417,27.035787887532734,outperform
126,2011-09-02 09:24:27,1314980667.0,abt,68.83,51.94,41.71896316507503,1173.969971,3.7873600568132755,37.931603108261754,outperform
127,2011-11-02 06:21:21,1320240081.0,abt,68.83,52.76,43.956343792633014,1237.900024,9.439234971050038,34.51710882158298,outperform
128,2012-01-01 23:13:40,1325488420.0,abt,67.73,56.23,53.42428376534788,1263.02002,11.660022669100705,41.764261096247175,outperform
129,2012-03-02 20:56:30,1330750590.0,abt,62.85,57.39,56.5893587994543,1369.630005,21.08510948748106,35.50424931197324,outperform
130,2012-03-30 05:44:15,1333111455.0,abt,62.85,60.98,66.38472032742155,1408.469971,24.51884087364476,41.865879453776785,outperform
131,2013-05-08 18:10:02,1368061802.0,abt,76.36,36.06,-1.6098226466575616,1632.689941,44.341493354691806,-45.95131600134937,underperform
132,2013-08-18 07:12:45,1376835165.0,abt,35.38,34.97,-4.583901773533423,1661.319946,46.872591006902,-51.456492780435426,underperform
133,2004-08-16 22:53:27,1092722007.0,ace,0.26,39.1,6.684856753069584,1079.339966,-4.578610661114943,11.263467414184527,outperform
134,2004-10-10 11:27:42,1097432862.0,ace,0.26,41.04,11.97817189631651,1130.650024,-0.042433760741759516,12.02060565705827,outperform
135,2005-01-13 13:27:29,1105651649.0,ace,0.21,42.76,16.671214188267395,1177.449951,4.095015232135061,12.576198956132334,outperform
136,2007-02-20 18:32:05,1172025125.0,ace,0.171,58.6,59.890859481582545,1459.680054,29.046179267430887,30.84468021415166,outperform
137,2007-04-05 15:54:06,1175813646.0,ace,0.171,57.24,56.18008185538882,1443.76001,27.638733268330196,28.541348587058625,outperform
138,2008-01-23 21:48:58,1201153738.0,ace,0.154,59.98,63.656207366984994,1338.599976,18.3418325111091,45.3143748558759,outperform
139,2010-07-18 23:43:13,1279521793.0,ace,0.154,53.7,46.521145975443396,1096.47998,-3.0633105696811493,49.584456545124546,outperform
140,2010-12-07 07:29:30,1291735770.0,ace,23.09,59.06,61.14597544338337,1223.75,8.188271426855131,52.95770401652824,outperform
141,2011-08-11 20:49:00,1313120940.0,ace,27.7,63.42,73.04229195088678,1172.640015,3.6697824137376647,69.37250953714911,outperform
142,2013-04-23 04:24:03,1366716243.0,ace,24.94,89.27,143.5743519781719,1578.780029,39.57547072584288,103.99888125232903,outperform
143,2013-05-16 15:08:57,1368742137.0,ace,27.94,92.58,152.60572987721693,1650.469971,45.9133754479442,106.69235442927274,outperform
144,2003-12-15 23:12:24,1071558744.0,aci,1.074,30.78,-16.01637107776261,1068.040039,-5.577605201976762,-10.438765875785847,underperform
145,2005-01-24 04:33:07,1106569987.0,aci,1.18,34.52,-5.811732605729865,1163.75,2.883841367111468,-8.695573972841332,underperform
146,2005-02-05 03:36:51,1107603411.0,aci,1.18,38.4,4.774897680763983,1193.189941,5.486543167069475,-0.7116454863054917,underperform
147,2005-03-30 06:50:28,1112190628.0,aci,0.936,41.15,12.27830832196453,1181.410034,4.445114953873054,7.833193368091477,outperform
148,2006-05-24 04:17:01,1148469421.0,aci,0.854,46.39,26.57571623465212,1258.569946,11.266604230872657,15.309112003779463,outperform
149,2007-03-11 21:41:07,1173674467.0,aci,0.86,30.08,-17.926330150068214,1401.890015,23.937125600341577,-41.86345575040979,underperform
150,2007-04-07 18:52:27,1175997147.0,aci,0.86,33.93,-7.421555252387446,1439.369995,27.250624476184772,-34.67217972857222,underperform
151,2008-03-02 17:50:27,1204509027.0,aci,0.851,51.09,39.399727148703974,1367.680054,20.912719842490603,18.48700730621337,outperform
152,2008-06-05 02:23:56,1212657836.0,aci,0.899,67.52,84.22919508867666,1404.050049,24.12808808833605,60.10110700034061,outperform
153,2008-10-08 20:51:28,1223524288.0,aci,0.772,25.11,-31.487039563437925,984.9400019999999,-12.924244105786942,-18.562795457650985,underperform
154,2008-12-05 05:35:57,1228484157.0,aci,0.767,11.93,-67.44884038199181,876.070007,-22.549132007155972,-44.89970837483584,underperform
155,2009-08-01 05:52:40,1249131160.0,aci,0.767,17.41,-52.49658935879945,975.150024,-13.789748332244086,-38.70684102655536,underperform
156,2011-08-18 01:16:41,1313655401.0,aci,118.77,19.7,-46.24829467939973,1140.650024,0.8416379158821843,-47.08993259528191,underperform
157,2012-07-26 21:31:10,1343363470.0,aci,113.56,5.26,-85.6480218281037,1360.02002,20.235517932352963,-105.88353976045666,underperform
158,2012-11-04 10:32:06,1352053926.0,aci,144.73,8.26,-77.462482946794,1427.589966,26.209185477313902,-103.6716684241079,underperform
159,2013-04-23 05:25:15,1366719915.0,aci,179.32,4.89,-86.65757162346522,1578.780029,39.57547072584288,-126.23304234930809,underperform
160,2013-04-25 06:05:53,1366895153.0,aci,179.32,4.76,-87.01227830832197,1585.160034,40.13950889756479,-127.15178720588676,underperform
161,2003-11-08 10:24:47,1068315887.0,acn,0.076,25.05,-31.650750341064114,1051.810059,-7.012451764994075,-24.63829857607004,underperform
162,2004-12-10 06:26:24,1102688784.0,acn,0.023,26.2,-28.512960436562075,1188.0,5.027715182924532,-33.540675619486606,underperform
163,2005-02-10 03:10:56,1108033856.0,acn,0.023,25.51,-30.395634379263292,1197.01001,5.824264647634379,-36.21989902689767,underperform
164,2005-04-04 05:07:40,1112616460.0,acn,0.023,24.44,-33.31514324693042,1176.119995,3.97743758905945,-37.29258083598987,underperform
165,2005-09-04 02:06:58,1125824818.0,acn,0.04,25.31,-30.941336971350612,1221.589966,7.997308938860659,-38.93864591021127,underperform
166,2006-06-03 23:44:14,1149403454.0,acn,0.045,27.89,-23.90177353342428,1270.089966,12.285056570486788,-36.18683010391106,underperform
167,2006-08-22 00:50:41,1156233041.0,acn,0.034,28.57,-22.046384720327417,1298.819946,14.82499272928403,-36.871377449611444,underperform
168,2006-08-22 06:44:05,1156254245.0,acn,0.034,28.57,-22.046384720327417,1298.819946,14.82499272928403,-36.871377449611444,underperform
169,2006-08-27 03:22:58,1156674178.0,acn,0.034,28.36,-22.6193724420191,1296.060059,14.580998936545752,-37.20037137856485,underperform
170,2006-11-02 16:40:55,1162510855.0,acn,0.027,32.96,-10.068212824010908,1367.339966,20.88265362565464,-30.950866449665547,underperform
171,2006-11-11 01:01:42,1163235702.0,acn,0.027,33.87,-7.585266030013646,1385.719971,22.507577809325287,-30.092843839338933,underperform
172,2006-12-03 00:17:12,1165133832.0,acn,0.027,33.81,-7.748976807639826,1400.630005,23.825731685015285,-31.574708492655112,underperform
173,2007-03-14 19:10:39,1173924639.0,acn,0.018,35.39,-3.437926330150063,1387.170044,22.635774656158997,-26.07370098630906,underperform
174,2007-05-05 07:47:14,1178376434.0,acn,0.015,39.1,6.684856753069584,1495.920044,32.25005413944439,-25.565197386374802,underperform
175,2007-06-05 04:17:34,1181042254.0,acn,0.015,41.24,12.52387448840383,1530.949951,35.346949000791476,-22.823074512387645,underperform
176,2007-07-06 07:06:36,1183730796.0,acn,0.015,42.81,16.807639836289233,1530.439941,35.30186046121198,-18.494220624922747,underperform
177,2008-04-07 01:42:51,1207557771.0,acn,0.004,36.77,0.32742155525239985,1372.540039,21.342377351222332,-21.014955795969932,underperform
178,2008-10-18 23:21:07,1224397267.0,acn,0.003,31.4,-14.324693042291953,907.840027,-19.740434522378354,5.415741480086401,outperform
179,2008-12-02 16:28:13,1228264093.0,acn,0.003,29.98,-18.199181446111865,848.8099980000001,-24.95911219329735,6.759930747185486,outperform
180,2008-12-21 20:10:46,1229919046.0,acn,0.001,32.21,-12.11459754433833,885.2800289999999,-21.734900048027644,9.620302503689313,outperform
181,2009-08-10 19:40:05,1249958405.0,acn,0.001,35.85,-2.182810368349242,1007.099976,-10.96514356897464,8.782333200625397,outperform
182,2011-09-01 16:51:37,1314921097.0,acn,0.11,53.62,46.30286493860846,1204.420044,6.479364765856421,39.823500172752034,outperform
183,2011-11-08 00:40:19,1320741619.0,acn,0.1,58.0,58.25375170532061,1275.920044,12.80047725371762,45.453274451602994,outperform
184,2012-02-29 00:47:01,1330505221.0,acn,0.15,59.76,63.055934515688946,1365.680054,20.735905507165814,42.320029008523136,outperform
185,2012-11-04 02:11:28,1352023888.0,acn,0.0,67.91,85.29331514324693,1427.589966,26.209185477313902,59.08412966593303,outperform
186,2013-04-23 04:45:22,1366717522.0,acn,0.0,74.94,104.47476125511596,1578.780029,39.57547072584288,64.89929052927309,outperform
187,2013-05-10 03:17:29,1368181049.0,acn,0.0,80.09,118.52660300136428,1633.699951,44.4307854781025,74.09581752326179,outperform
188,2013-05-12 08:27:29,1368372449.0,act,177.28,119.86,227.03956343792635,1626.670044,43.80929131130245,183.2302721266239,outperform
189,2004-01-25 05:32:05,1075037525.0,adbe,0.0,38.04,3.792633015006823,1143.939941,1.132490159696551,2.660142855310272,outperform
190,2004-08-21 23:10:00,1093155000.0,adbe,0.0,46.09,25.757162346521163,1095.170044,-3.179118301260165,28.936280647781327,outperform
191,2004-11-12 17:19:37,1100308777.0,adbe,0.0,58.1,58.526603001364265,1184.170044,4.689119620692935,53.83748338067133,outperform
192,2005-02-07 16:20:07,1107822007.0,adbe,0.0,63.67,73.72442019099591,1201.719971,6.24065895944472,67.4837612315512,outperform
193,2005-04-05 04:12:22,1112699542.0,adbe,0.0,66.58,81.66439290586631,1181.390015,4.443345130783616,77.2210477750827,outperform
194,2005-08-31 10:51:30,1125510690.0,adbe,0.0,27.12,-26.00272851296043,1220.329956,7.885915023534369,-33.8886435364948,underperform
195,2006-02-21 13:18:21,1140556701.0,adbe,0.0,37.8,3.1377899045020428,1283.030029,13.429050889689734,-10.29126098518769,underperform
196,2006-04-07 10:36:37,1144431397.0,adbe,0.0,36.1,-1.5006821282401015,1295.5,14.531485706631928,-16.03216783487203,underperform
197,2006-06-23 19:31:40,1151116300.0,adbe,0.0,30.5,-16.780354706684854,1244.5,10.022720155849814,-26.803074862534668,underperform
198,2006-11-28 09:44:25,1164735865.0,adbe,0.0,40.22,9.740791268758528,1386.719971,22.595984976987683,-12.855193708229155,underperform
199,2007-01-27 16:50:33,1169945433.0,adbe,0.0,39.26,7.121418826739426,1440.130005,27.317814807679863,-20.196395980940437,underperform
200,2007-03-09 02:36:54,1173436614.0,adbe,0.0,39.08,6.6302864938608455,1402.839966,24.02110807766964,-17.390821583808794,underperform
201,2007-03-15 06:30:18,1173965418.0,adbe,0.0,39.3,7.230559345156886,1392.280029,23.087533956806322,-15.856974611649436,underperform
202,2007-03-28 17:43:54,1175129034.0,adbe,0.0,42.14,14.979536152796733,1417.22998,25.29328845803185,-10.313752305235116,underperform
203,2007-04-29 08:01:44,1177858904.0,adbe,0.0,42.89,17.025920873124154,1494.25,32.10241027953281,-15.076489406408658,underperform
204,2007-04-30 09:07:29,1177949249.0,adbe,0.0,42.89,17.025920873124154,1482.369995,31.052132685667733,-14.026211812543579,underperform
205,2007-05-01 10:38:04,1178041084.0,adbe,0.0,41.56,13.396998635743532,1486.300049,31.399577628567986,-18.002578992824454,underperform
206,2007-05-30 21:47:54,1180586874.0,adbe,0.0,43.22,17.926330150068214,1530.22998,35.28329840388242,-17.356968253814205,underperform
207,2007-05-31 04:45:00,1180611900.0,adbe,0.0,43.22,17.926330150068214,1530.619995,35.317778525378266,-17.391448375310052,underperform
208,2007-06-30 20:56:00,1183262160.0,adbe,0.0,40.15,9.549795361527966,1506.339966,33.171249930727456,-23.62145456919949,underperform
209,2007-10-18 06:04:41,1192712681.0,adbe,0.0,45.97,25.429740791268763,1540.079956,36.15410688358497,-10.72436609231621,underperform
210,2008-01-23 23:45:57,1201160757.0,adbe,0.0,34.33,-6.330150068212825,1338.599976,18.3418325111091,-24.671982579321927,underperform
211,2008-12-04 14:30:57,1228429857.0,adbe,0.08,22.54,-38.49931787175989,845.2199710000001,-25.27649631219887,-13.222821559561023,underperform
212,2008-12-05 00:15:55,1228464955.0,adbe,0.08,20.44,-44.22919508867666,876.070007,-22.549132007155972,-21.68006308152069,underperform
213,2008-12-17 11:42:55,1229542975.0,adbe,0.08,22.32,-39.09959072305593,904.419983,-20.04279092569912,-19.056799797356813,underperform
214,2008-12-20 21:49:14,1229838554.0,adbe,0.079,22.13,-39.61800818553888,904.419983,-20.04279092569912,-19.575217259839764,underperform
215,2011-04-24 04:02:44,1303642964.0,adbe,28.03,33.48,-8.649386084583908,1337.380005,18.233978330368842,-26.88336441495275,underperform
216,2011-08-05 04:11:46,1312542706.0,adbe,28.17,26.15,-28.649386084583906,1199.380005,6.033789192958417,-34.683175277542325,underperform
217,2011-09-25 13:42:54,1316983374.0,adbe,28.17,24.88,-32.11459754433834,1129.560059,-0.13879447924291186,-31.975803065095427,underperform
218,2011-10-18 13:47:26,1318970846.0,adbe,27.25,26.24,-28.403819918144613,1225.380005,8.332375552180672,-36.736195470325285,underperform
219,2012-03-24 12:13:07,1332616387.0,adbe,25.26,33.81,-7.748976807639826,1402.890015,24.02553276800397,-31.774509575643798,underperform
220,2012-07-02 04:31:22,1341228682.0,adbe,24.76,32.37,-11.678035470668489,1365.51001,20.720872398747833,-32.39890786941632,underperform
221,2004-01-20 06:29:18,1074608958.0,adi,0.0,50.5,37.78990450204639,1138.77002,0.6754320870482035,37.11447241499819,outperform
222,2004-05-12 18:46:27,1084412787.0,adi,0.0,45.04,22.892223738062757,1097.280029,-2.9925805036000233,25.88480424166278,outperform
223,2004-06-22 09:09:13,1087920553.0,adi,0.0,45.03,22.8649386084584,1134.410034,0.289978073740517,22.57496053471788,outperform
224,2004-08-10 02:07:28,1092128848.0,adi,0.0,35.92,-1.9918144611186819,1079.040039,-4.605126357690423,2.6133118965717417,outperform
225,2004-11-11 09:56:15,1100195775.0,adi,0.0,38.5,5.047748976807644,1173.47998,3.7440413403232182,1.3037076364844258,outperform
226,2005-01-24 03:34:28,1106566468.0,adi,0.0,34.47,-5.948158253751705,1163.75,2.883841367111468,-8.831999620863174,underperform
227,2005-03-17 01:05:45,1111046745.0,adi,0.0,35.92,-1.9918144611186819,1190.209961,5.223091575578886,-7.214906036697568,underperform
228,2005-04-08 23:33:20,1113028400.0,adi,0.0,35.67,-2.6739427012278223,1181.199951,4.42654211086904,-7.100484812096862,underperform
229,2005-09-07 23:00:53,1126159253.0,adi,0.0,36.88,0.6275579809004201,1236.359985,9.303084484970414,-8.675526504069994,underperform
230,2005-10-31 08:19:48,1130771988.0,adi,0.0,34.61,-5.566166439290584,1207.01001,6.7083363242583225,-12.274502763548906,underperform
231,2006-12-06 22:26:10,1165472770.0,adi,0.0,33.57,-8.403819918144608,1412.900024,24.910489311969055,-33.314309230113665,underperform
232,2007-02-20 18:32:29,1172025149.0,adi,0.0,32.97,-10.040927694406548,1459.680054,29.046179267430887,-39.087106961837435,underperform
233,2007-04-05 11:21:28,1175797288.0,adi,0.0,35.37,-3.4924965893588027,1443.76001,27.638733268330196,-31.131229857689,underperform
234,2008-01-23 20:59:26,1201150766.0,adi,0.0,27.74,-24.311050477489772,1338.599976,18.3418325111091,-42.652882988598876,underperform
235,2008-04-17 12:21:31,1208460091.0,adi,0.0,31.44,-14.21555252387448,1365.560059,20.725297089082165,-34.94084961295665,underperform
236,2008-10-14 20:39:34,1224041974.0,adi,0.0,22.77,-37.87175989085948,998.01001,-11.768761717182104,-26.102998173677378,underperform
237,2008-12-12 10:52:17,1229107937.0,adi,0.0,18.46,-49.63165075034106,879.7299800000001,-22.225564160505133,-27.406086589835926,underperform
238,2008-12-18 00:52:29,1229590349.0,adi,0.0,19.68,-46.30286493860846,885.2800289999999,-21.734900048027644,-24.567964890580814,underperform
239,2009-03-27 16:45:23,1238197523.0,adi,0.0,20.0,-45.429740791268756,815.9400019999999,-27.865055440731595,-17.56468535053716,underperform
240,2011-08-05 04:12:35,1312542755.0,adi,25.32,31.63,-13.697135061391542,1199.380005,6.033789192958417,-19.730924254349958,underperform
241,2012-03-19 11:50:51,1332183051.0,adi,22.65,39.7,8.321964529331527,1409.75,24.632004612060488,-16.31004008272896,underperform
242,2013-04-22 02:24:41,1366622681.0,adi,17.57,42.36,15.579809004092773,1562.5,38.13619947249123,-22.556390468398455,underperform
243,2013-05-11 12:07:46,1368299266.0,adi,17.57,46.79,27.66712141882674,1632.689941,44.341493354691806,-16.674371935865068,underperform
244,2003-11-12 17:41:28,1068687688.0,adm,0.733,14.48,-60.491132332878585,1058.530029,-6.418358250517805,-54.07277408236078,underperform
245,2004-01-31 04:11:22,1075551082.0,adm,0.703,15.66,-57.27148703956344,1128.47998,-0.23428120448452908,-57.03720583507891,underperform
246,2004-04-14 16:44:25,1081986265.0,adm,0.789,16.81,-54.1336971350614,1128.170044,-0.2616817684011504,-53.87201536666024,underperform
247,2004-06-19 13:33:48,1087677228.0,adm,0.848,16.28,-55.57980900409276,1133.560059,0.2148341914066657,-55.794643195499425,underperform
248,2004-11-30 07:08:52,1101827332.0,adm,0.613,21.23,-42.07366984993178,1173.819946,3.774096771484732,-45.84776662141651,underperform
249,2005-01-26 00:58:06,1106729886.0,adm,0.613,22.65,-38.199181446111865,1174.069946,3.7961985634003312,-41.995380009512196,underperform
250,2005-02-08 21:21:16,1107926476.0,adm,0.613,23.71,-35.30695770804911,1202.300049,6.291942012447982,-41.598899720497094,underperform
251,2005-02-14 20:39:46,1108442386.0,adm,0.528,24.5,-33.151432469304225,1206.140015,6.6314225304278756,-39.7828549997321,underperform
252,2006-04-06 18:53:48,1144374828.0,adm,0.52,37.05,1.091405184174621,1309.040039,15.728522204660287,-14.637117020485666,underperform
253,2006-04-07 06:53:49,1144418029.0,adm,0.52,36.92,0.7366984993178803,1295.5,14.531485706631928,-13.794787207314048,underperform
254,2006-04-12 00:58:21,1144828701.0,adm,0.52,36.55,-0.2728512960436601,1288.119995,13.879040367247622,-14.151891663291282,underperform
255,2006-04-22 19:30:52,1145759452.0,adm,0.52,37.86,3.301500682128242,1309.930054,15.807205909987326,-12.505705227859083,underperform
256,2006-04-23 14:17:44,1145827064.0,adm,0.52,37.86,3.301500682128242,1311.459961,15.942460654644206,-12.640959972515963,underperform
257,2006-04-24 19:49:42,1145933382.0,adm,0.52,38.45,4.911323328785824,1308.109985,15.64629876474721,-10.734975435961385,underperform
258,2006-04-28 06:30:41,1146231041.0,adm,0.52,36.19,-1.255115961800821,1310.609985,15.867316683903198,-17.12243264570402,underperform
259,2006-05-16 14:27:00,1147814820.0,adm,0.514,43.1,17.598908594815835,1292.079956,14.229129303311167,3.3697792915046687,outperform
260,2007-02-20 08:05:08,1171987508.0,adm,0.541,35.88,-2.100954979536142,1459.680054,29.046179267430887,-31.147134246967028,underperform
261,2007-03-07 08:11:55,1173283915.0,adm,0.541,32.96,-10.068212824010908,1391.969971,23.060122607215252,-33.12833543122616,underperform
262,2007-04-09 12:40:37,1176147637.0,adm,0.541,37.02,1.0095497953615404,1444.609985,27.713877150664047,-26.704327355302507,underperform
263,2007-06-18 03:24:32,1182162272.0,adm,0.597,34.57,-5.675306957708045,1531.050049,35.35579838146013,-41.03110533916818,underperform
264,2007-06-19 05:10:54,1182255054.0,adm,0.597,34.75,-5.184174624829464,1533.699951,35.59006871186306,-40.77424333669253,underperform
265,2007-10-12 05:57:34,1192193854.0,adm,0.47,34.9,-4.774897680763983,1561.800049,38.07431878707877,-42.84921646784275,underperform
266,2008-01-23 23:14:44,1201158884.0,adm,0.62,40.85,11.459754433833568,1338.599976,18.3418325111091,-6.882078077275532,underperform
267,2009-01-09 16:47:55,1231548475.0,adm,0.628,27.94,-23.76534788540245,890.349976,-21.286680393559184,-2.4786674918432645,underperform
268,2011-07-29 19:09:22,1311991762.0,adm,85.48,30.64,-16.398362892223734,1292.280029,14.246817190566881,-30.645180082790617,underperform
269,2011-08-05 04:13:27,1312542807.0,adm,85.48,28.05,-23.46521145975443,1199.380005,6.033789192958417,-29.499000652712844,underperform
270,2011-09-28 04:29:00,1317209340.0,adm,54.78,25.77,-29.686221009549797,1151.060059,1.7619596254985677,-31.448180635048367,underperform
271,2011-12-31 04:39:51,1325335191.0,adm,51.59,28.6,-21.964529331514317,1249.640015,10.477134323742032,-32.44166365525635,underperform
272,2012-07-28 11:39:41,1343500781.0,adm,55.68,27.54,-24.85675306957708,1337.890015,18.279066869948338,-43.13581993952542,underperform
273,2013-06-07 17:17:34,1370650654.0,adm,46.71,33.02,-9.904502046384708,1643.380005,45.28657163506152,-55.19107368144623,underperform
274,2004-05-12 18:03:39,1084410219.0,adp,0.015,45.7,24.6930422919509,1097.280029,-2.9925805036000233,27.685622795550923,outperform
275,2006-05-29 06:22:46,1148908966.0,adp,0.012,45.98,25.45702592087312,1280.160034,13.175322760534499,12.281703160338623,outperform
276,2006-06-27 09:26:37,1151425597.0,adp,0.012,44.48,21.364256480218277,1239.199951,9.554157835287915,11.810098644930362,outperform
277,2007-02-20 18:32:39,1172025159.0,adp,0.012,50.7,38.335607094133714,1459.680054,29.046179267430887,9.289427826702827,outperform
278,2007-04-28 09:46:50,1177778810.0,adp,0.012,45.17,23.24693042291952,1495.420044,32.20585055561319,-8.95892013269367,underperform
279,2007-05-28 15:46:58,1180392418.0,adp,0.007,49.23,34.32469304229195,1515.72998,34.0013944727777,0.3232985695142503,outperform
280,2007-06-30 05:05:33,1183205133.0,adp,0.007,48.47,32.251023192360165,1506.339966,33.171249930727456,-0.9202267383672904,underperform
281,2007-10-22 09:12:40,1193069560.0,adp,0.008,47.52,29.658935879945442,1506.329956,33.170364974979165,-3.511429095033723,underperform
282,2008-01-23 19:35:35,1201145735.0,adp,0.078,38.56,5.211459754433844,1338.599976,18.3418325111091,-13.130372756675257,underperform
283,2008-12-07 07:53:01,1228665181.0,adp,0.288,37.59,2.5648021828103813,845.2199710000001,-25.27649631219887,27.84129849500925,outperform
284,2009-03-27 23:09:31,1238220571.0,adp,0.288,35.5,-3.1377899045020428,815.9400019999999,-27.865055440731595,24.727265536229552,outperform
285,2009-06-22 11:11:50,1245694310.0,adp,0.288,35.68,-2.646657571623462,893.0399779999999,-21.048864935733015,18.402207364109554,outperform
286,2011-08-05 04:11:51,1312542711.0,adp,0.57,47.88,30.641200545702603,1199.380005,6.033789192958417,24.607411352744187,outperform
287,2011-09-30 03:20:09,1317378009.0,adp,0.62,48.12,31.296043656207367,1131.420044,0.02564152650163133,31.270402129705737,outperform
288,2012-01-04 00:07:51,1325664471.0,adp,0.61,54.46,48.59481582537518,1277.300049,12.922479587127562,35.67233623824762,outperform
289,2012-04-20 21:07:33,1334981253.0,adp,0.58,55.02,50.12278308321966,1378.530029,21.871935401448397,28.250847681771262,outperform
290,2012-07-26 00:02:28,1343286148.0,adp,0.27,55.41,51.1869031377899,1360.02002,20.235517932352963,30.951385205436935,outperform
291,2012-11-04 17:34:40,1352079280.0,adp,0.26,57.37,56.534788540245565,1427.589966,26.209185477313902,30.325603062931663,outperform
292,2013-02-06 18:15:11,1360203311.0,adp,7.29,60.33,64.61118690313779,1512.119995,33.68224592362397,30.928940979513825,outperform
293,2013-04-23 04:13:36,1366715616.0,adp,0.46,65.5,78.71759890859482,1578.780029,39.57547072584288,39.14212818275195,outperform
294,2013-04-26 14:37:22,1367012242.0,adp,0.46,66.59,81.69167803547069,1582.23999,39.88135607807522,41.810321957395466,outperform
295,2003-10-03 16:48:40,1065224920.0,adsk,0.0,18.44,-49.68622100954979,1029.849976,-8.953880504655167,-40.73234050489462,underperform
296,2004-06-20 07:36:21,1087742181.0,adsk,0.0,39.4,7.503410641200546,1132.050049,0.0813384841647766,7.422072157035769,outperform
297,2004-08-03 23:39:21,1091601561.0,adsk,0.0,39.96,9.031377899045028,1099.689941,-2.7795270093644007,11.810904908409428,outperform
298,2005-02-25 15:10:44,1109373044.0,adsk,0.0,29.83,-18.608458390177354,1211.369995,7.093790249158852,-25.702248639336204,underperform
299,2005-04-19 09:08:08,1113926888.0,adsk,0.0,31.69,-13.533424283765342,1152.780029,1.914017301662865,-15.447441585428207,underperform
300,2007-03-09 02:37:05,1173436625.0,adsk,0.0,38.53,5.129604365620744,1402.839966,24.02110807766964,-18.891503712048898,underperform
301,2007-03-11 12:08:50,1173640130.0,adsk,0.0,38.54,5.156889495225104,1401.890015,23.937125600341577,-18.780236105116472,underperform
302,2007-04-07 14:32:35,1175981555.0,adsk,0.0,39.55,7.912687585266026,1439.369995,27.250624476184772,-19.337936890918748,underperform
303,2007-05-29 18:50:01,1180489801.0,adsk,0.0,44.53,21.50068212824012,1518.109985,34.21180397385003,-12.711121845609913,underperform
304,2007-12-24 21:50:49,1198561849.0,adsk,0.0,51.02,39.20873124147341,1496.449951,32.29690171643887,6.911829525034541,outperform
305,2008-01-23 23:44:14,1201160654.0,adsk,0.0,40.75,11.18690313778991,1338.599976,18.3418325111091,-7.15492937331919,underperform
306,2008-03-02 21:47:36,1204523256.0,adsk,0.0,31.09,-15.170532060027284,1367.680054,20.912719842490603,-36.08325190251789,underperform
307,2009-06-18 19:51:54,1245379914.0,adsk,0.0,20.69,-43.547066848567525,918.3699949999999,-18.809509875922714,-24.73755697264481,underperform
308,2012-06-10 06:28:33,1339334913.0,adsk,0.0,32.78,-10.559345156889488,1314.98999,16.254540520300324,-26.813885677189813,underperform
309,2012-08-28 20:58:45,1346212725.0,adsk,0.0,31.23,-14.788540245566162,1409.300049,24.592225718563622,-39.380765964129786,underperform
310,2012-11-07 12:09:30,1352318970.0,adsk,0.0,32.41,-11.568894952251028,1394.530029,23.28645008404671,-34.855345036297734,underperform
311,2013-02-06 12:50:17,1360183817.0,adsk,5.45,39.06,6.575716234652125,1512.119995,33.68224592362397,-27.10652968897184,underperform
312,2013-05-14 02:47:26,1368524846.0,adsk,36.49,38.9,6.139154160982265,1650.339966,45.90188207411225,-39.762727913129986,underperform
313,2013-04-23 04:44:32,1366717472.0,adt,48.01,43.84,19.618008185538898,1578.780029,39.57547072584288,-19.95746254030398,underperform
314,2013-05-09 13:05:42,1368129942.0,adt,69.94,44.47,21.33697135061392,1626.670044,43.80929131130245,-22.472319960688534,underperform
315,2004-09-24 17:33:50,1096072430.0,aee,0.804,46.07,25.70259208731242,1110.109985,-1.8583204324068772,27.5609125197193,outperform
316,2004-11-02 15:30:15,1099434615.0,aee,0.804,48.01,30.995907230559343,1130.560059,-0.05038731158051745,31.04629454213986,outperform
317,2005-03-05 21:55:16,1110088516.0,aee,0.974,51.83,41.41882673942701,1210.079956,6.979741554994827,34.43908518443219,outperform
318,2005-12-16 06:43:01,1134744181.0,aee,0.863,52.32,42.75579809004093,1267.319946,12.040166947918607,30.715631142122326,outperform
319,2006-01-10 11:29:29,1136921369.0,aee,0.863,51.66,40.95497953615279,1289.689941,14.017834846490535,26.937144689662254,outperform
320,2007-02-20 06:12:12,1171980732.0,aee,0.965,53.51,46.00272851296044,1459.680054,29.046179267430887,16.95654924552955,outperform
321,2007-12-15 01:09:10,1197709750.0,aee,1.02,53.77,46.712141882673954,1486.589966,31.425208369395175,15.286933513278779,outperform
322,2008-01-23 19:17:07,1201144627.0,aee,1.02,46.34,26.4392905866303,1338.599976,18.3418325111091,8.0974580755212,outperform
323,2009-02-21 00:56:51,1235206611.0,aee,1.02,25.73,-29.795361527967252,788.419983,-30.298022374536863,0.5026608465696114,outperform
324,2010-02-18 18:51:00,1266547860.0,aee,1.02,25.625,-30.081855388813096,1106.75,-2.1553671896450117,-27.926488199168084,underperform
325,2010-03-23 07:53:00,1269355980.0,aee,1.02,25.82,-29.549795361527963,1174.170044,3.8050479440689915,-33.35484330559695,underperform
326,2012-04-23 16:14:50,1335222890.0,aee,86.81,31.45,-14.18826739427012,1366.939941,20.8472885484105,-35.03555594268062,underperform
327,2013-05-15 17:35:45,1368664545.0,aee,94.51,36.37,-0.7639836289222405,1658.780029,46.64804413883443,-47.41202776775667,underperform
328,2007-03-17 16:26:12,1174173972.0,aeo,94.51,29.89,-18.444747612551154,1387.170044,22.635774656158997,-41.080522268710155,underperform
329,2007-09-20 19:04:16,1190340256.0,aeo,94.51,25.61,-30.122783083219645,1518.75,34.26838588726147,-64.39116897048112,underperform
330,2007-10-13 18:24:50,1192325090.0,aeo,94.51,24.43,-33.34242837653479,1562.469971,38.13354469365349,-71.47597307018827,underperform
331,2008-01-24 01:42:43,1201167763.0,aeo,94.51,22.64,-38.22646657571623,1352.069946,19.532674407306533,-57.75914098302276,underperform
332,2008-12-08 10:59:42,1228762782.0,aeo,0.054,9.73,-73.45156889495225,909.7000119999999,-19.57599851663382,-53.87557037831843,underperform
333,2009-01-12 14:36:10,1231799770.0,aeo,0.054,10.13,-72.36016371077761,870.26001,-23.06277738605299,-49.29738632472463,underperform
334,2009-03-07 19:29:00,1236482940.0,aeo,0.054,8.91,-75.68894952251023,712.869995,-36.977182830544756,-38.71176669196547,underperform
335,2011-11-17 07:59:18,1321545558.0,aeo,0.054,13.97,-61.882673942701224,1216.130005,7.514609251303522,-69.39728319400474,underperform
336,2012-01-01 20:57:00,1325480220.0,aeo,0.054,15.29,-58.28103683492497,1263.02002,11.660022669100705,-69.94105950402567,underperform
337,2012-07-23 18:32:30,1343093550.0,aeo,0.054,20.27,-44.69304229195089,1350.52002,19.395649839560214,-64.0886921315111,underperform
338,2012-10-14 08:11:53,1350227513.0,aeo,0.054,21.54,-41.22783083219645,1432.839966,26.673323107541474,-67.90115393973792,underperform
339,2013-03-30 07:41:32,1364654492.0,aeo,0.054,18.7,-48.97680763983629,1562.849976,38.16713985940104,-87.14394749923733,underperform
340,2013-05-10 12:59:12,1368215952.0,aeo,0.054,19.57,-46.60300136425648,1633.699951,44.4307854781025,-91.03378684235898,underperform
341,2004-08-03 23:58:46,1091602726.0,aep,1.754,31.64,-13.66984993178717,1099.689941,-2.7795270093644007,-10.890322922422769,underperform
342,2004-10-10 13:54:05,1097441645.0,aep,1.739,32.38,-11.65075034106411,1130.650024,-0.042433760741759516,-11.60831658032235,underperform
343,2005-04-04 22:37:45,1112679465.0,aep,1.435,33.96,-7.339699863574347,1176.119995,3.97743758905945,-11.317137452633798,underperform
344,2007-03-07 02:53:36,1173264816.0,aep,1.342,45.33,23.68349249658936,1391.969971,23.060122607215252,0.6233698893741071,outperform
345,2007-04-10 20:12:53,1176261173.0,aep,1.457,49.34,34.62482946793999,1448.390015,28.048058896642917,6.576770571297072,outperform
346,2008-01-23 20:30:47,1201149047.0,aep,1.55,43.82,19.563437926330156,1338.599976,18.3418325111091,1.221605415221056,outperform
347,2011-04-08 04:53:43,1302263623.0,aep,136.63,35.47,-3.2196452933151423,1328.170044,17.419751764077727,-20.63939705739287,underperform
348,2011-11-13 10:16:12,1321208172.0,aep,120.73,39.52,7.8308321964529455,1239.699951,9.598361419119112,-1.767529222666166,underperform
349,2012-07-27 00:36:41,1343374601.0,aep,123.75,41.95,14.46111869031379,1385.969971,22.529679601240886,-8.068560910927097,underperform
350,2013-04-25 05:13:54,1366892034.0,aep,126.19,50.9,38.88130968622101,1585.160034,40.13950889756479,-1.2581992113437792,underperform
351,2003-10-03 17:23:47,1065227027.0,aes,101.18,7.96,-78.28103683492496,1029.849976,-8.953880504655167,-69.32715633026979,underperform
352,2003-12-15 21:31:38,1071552698.0,aes,29.748,8.39,-77.10777626193725,1068.040039,-5.577605201976762,-71.53017105996048,underperform
353,2004-08-04 00:04:30,1091603070.0,aes,15.619,9.66,-73.6425648021828,1098.630005,-2.8732329490278175,-70.76933185315498,underperform
354,2004-10-26 04:29:14,1098790154.0,aes,15.619,11.05,-69.84993178717599,1111.089966,-1.7716830878339207,-68.07824869934207,underperform
355,2004-12-05 09:19:07,1102267147.0,aes,12.944,12.42,-66.11186903137789,1190.329956,5.233699993662537,-71.34556902504043,underperform
356,2005-02-18 08:12:43,1108743163.0,aes,10.698,16.48,-55.03410641200546,1201.589966,6.229165585612772,-61.263271997618226,underperform
357,2007-02-19 02:26:15,1171880775.0,aes,6.513,22.3,-39.15416098226466,1455.540039,28.680172267201065,-67.83433324946573,underperform
358,2007-04-11 05:09:29,1176293369.0,aes,6.513,22.42,-38.82673942701227,1438.869995,27.206420892353577,-66.03316031936585,underperform
359,2008-01-23 21:05:49,1201151149.0,aes,5.378,17.9,-51.15961800818554,1338.599976,18.3418325111091,-69.50145051929464,underperform
360,2008-04-23 21:50:03,1209012603.0,aes,5.687,17.63,-51.896316507503414,1379.930054,21.995707646354933,-73.89202415385834,underperform
361,2011-05-23 09:17:49,1306167469.0,aes,178.11,13.02,-64.47476125511596,1317.369995,16.46495002137266,-80.93971127648862,underperform
362,2011-07-24 02:55:42,1311501342.0,aes,178.11,12.68,-65.40245566166439,1343.800049,18.801556236676788,-84.20401189834118,underperform
363,2013-05-23 20:50:51,1369367451.0,aes,279.88,12.9,-64.80218281036835,1650.51001,45.91691518253023,-110.71909799289858,underperform
364,2004-02-15 08:22:54,1076862174.0,aet,0.211,77.5,111.45975443383358,1152.109985,1.8547806094136872,109.6049738244199,outperform
365,2004-08-03 20:44:23,1091591063.0,aet,0.193,86.6,136.28922237380627,1099.689941,-2.7795270093644007,139.06874938317065,outperform
366,2004-11-30 04:45:36,1101818736.0,aet,0.178,118.21,222.53751705320602,1173.819946,3.774096771484732,218.7634202817213,outperform
367,2005-02-04 06:20:07,1107526807.0,aet,0.178,130.85,257.0259208731241,1203.030029,6.356477476698183,250.66944339642592,outperform
368,2005-04-08 02:12:37,1112951557.0,aet,0.177,76.32,108.2401091405184,1181.199951,4.42654211086904,103.81356702964936,outperform
369,2005-09-23 17:26:49,1127521609.0,aet,0.17,82.71,125.67530695770803,1215.290039,7.440350236310812,118.23495672139723,outperform
370,2006-01-11 03:31:09,1136979069.0,aet,0.172,92.65,152.7967257844475,1294.180054,14.414793019304614,138.38193276514286,outperform
371,2006-05-07 11:34:24,1147026864.0,aet,0.155,37.99,3.656207366985002,1312.25,16.012305764977032,-12.35609839799203,underperform
372,2007-01-25 23:46:33,1169797593.0,aet,0.253,41.1,12.14188267394271,1423.900024,25.882968156255394,-13.741085482312684,underperform
373,2007-02-20 08:05:18,1171987518.0,aet,0.253,45.61,24.4474761255116,1459.680054,29.046179267430887,-4.598703141919287,underperform
374,2007-04-06 18:34:03,1175909643.0,aet,0.272,45.0,22.7830832196453,1437.77002,27.109175218104127,-4.326091998458828,underperform
375,2008-01-23 22:12:23,1201155143.0,aet,0.31,54.11,47.63983628922237,1338.599976,18.3418325111091,29.298003778113273,outperform
376,2008-02-22 22:13:00,1203747180.0,aet,0.31,50.13,36.78035470668487,1353.109985,19.62462130955496,17.155733397129907,outperform
377,2008-11-01 10:58:06,1225562286.0,aet,0.389,24.87,-32.141882673942696,930.090027,-17.77337504189008,-14.368507632052616,underperform
378,2009-10-02 08:48:44,1254498524.0,aet,0.389,27.58,-24.74761255115962,1025.209961,-9.364091088716187,-15.383521462443433,underperform
379,2009-10-15 09:39:45,1255624785.0,aet,0.389,26.03,-28.976807639836284,1096.560059,-3.0562310121019265,-25.92057662773436,underperform
380,2012-12-19 21:05:07,1355979907.0,aet,43.0,46.0,25.51159618008186,1435.810059,26.93590061736537,-1.42430443728351,underperform
381,2013-06-05 05:12:09,1370434329.0,aet,63.37,59.36,61.96452933151433,1608.900024,42.23829417379836,19.72623515771597,outperform
382,2003-10-03 17:29:50,1065227390.0,afl,0.173,33.43,-8.785811732605728,1029.849976,-8.953880504655167,0.16806877204943937,outperform
383,2003-12-07 12:26:30,1070828790.0,afl,0.206,35.47,-3.2196452933151423,1069.719971,-5.429087171991339,2.209441878676197,outperform
384,2004-06-27 21:50:24,1088398224.0,afl,0.203,40.4,10.231923601637108,1140.650024,0.8416379158821843,9.390285685754924,outperform
385,2004-08-29 05:10:22,1093781422.0,afl,0.226,39.99,9.113233287858128,1105.089966,-2.302126093808287,11.415359381666415,outperform
386,2005-01-25 00:35:34,1106642134.0,afl,0.189,39.58,7.994542974079126,1168.410034,3.2958217742619262,4.6987211998172,outperform
387,2005-03-17 18:20:48,1111108848.0,afl,0.189,38.22,4.283765347885404,1190.209961,5.223091575578886,-0.9393262276934822,underperform
388,2005-04-06 19:09:19,1112839759.0,afl,0.189,37.0,0.9549795361528007,1184.069946,4.680270240024275,-3.7252907038714747,underperform
389,2005-08-28 22:41:53,1125294113.0,afl,0.162,43.93,19.863574351978176,1212.369995,7.182197416821247,12.68137693515693,outperform
390,2006-02-02 01:16:50,1138871810.0,afl,0.212,47.17,28.70395634379264,1270.839966,12.351361946233583,16.35259439755906,outperform
391,2006-05-28 02:32:55,1148808775.0,afl,0.185,46.78,27.63983628922238,1272.880005,12.531716016144404,15.108120273077976,outperform
392,2007-02-20 18:32:53,1172025173.0,afl,0.171,48.45,32.19645293315144,1459.680054,29.046179267430887,3.1502736657205546,outperform
393,2007-04-08 10:16:28,1176052588.0,afl,0.171,47.92,30.75034106412006,1443.76001,27.638733268330196,3.1116077957898653,outperform
394,2008-01-23 12:52:38,1201121558.0,afl,0.172,61.31,67.28512960436564,1338.599976,18.3418325111091,48.94329709325653,outperform
395,2009-01-29 12:02:15,1233259335.0,afl,0.241,25.06,-31.623465211459756,845.1400150000001,-25.28356499569649,-6.339900215763265,underperform
396,2011-12-30 09:10:57,1325265057.0,afl,33.03,43.27,18.062755798090055,1257.599976,11.180851930455155,6.8819038676349,outperform
397,2012-07-17 03:10:14,1342519814.0,afl,30.49,43.2,17.871759890859494,1363.670044,20.558206216092728,-2.6864463252332342,underperform
398,2013-05-07 11:42:45,1367952165.0,afl,27.57,55.61,51.73260572987722,1625.959961,43.74651488446724,7.986090845409983,outperform
399,2003-11-17 22:46:03,1069137963.0,agn,0.739,76.65,109.1405184174625,1043.630005,-7.73562717045951,116.87614558792201,outperform
400,2004-06-19 14:49:29,1087681769.0,agn,0.695,91.42,149.4406548431105,1133.560059,0.2148341914066657,149.22582065170386,outperform
401,2004-08-10 02:33:38,1092130418.0,agn,0.637,69.32,89.14051841746246,1079.040039,-4.605126357690423,93.74564477515288,outperform
402,2004-11-02 14:09:49,1099429789.0,agn,0.637,72.5,97.81718963165076,1130.560059,-0.05038731158051745,97.86757694323128,outperform
403,2005-03-10 01:40:57,1110447657.0,agn,0.522,75.47,105.92087312414735,1209.25,6.906367495750413,99.01450562839693,outperform
404,2005-04-04 23:20:33,1112682033.0,agn,0.522,69.07,88.45839017735332,1176.119995,3.97743758905945,84.48095258829387,outperform
405,2005-08-29 12:42:47,1125344567.0,agn,0.51,92.83,153.28785811732607,1212.280029,7.174243777575332,146.11361433975074,outperform
406,2006-06-21 09:29:01,1150907341.0,agn,0.47,104.14,184.1473396998636,1252.199951,10.703451014899041,173.44388868496458,outperform
407,2007-02-20 16:30:00,1172017800.0,agn,0.544,113.32,209.1950886766712,1459.680054,29.046179267430887,180.1489094092403,outperform
408,2007-04-06 22:28:10,1175923690.0,agn,0.544,113.52,209.74079126875856,1437.77002,27.109175218104127,182.63161605065443,outperform
409,2008-01-23 23:06:53,1201158413.0,agn,0.449,65.01,77.38062755798092,1338.599976,18.3418325111091,59.03879504687181,outperform
410,2008-02-16 18:44:49,1203216289.0,agn,0.436,63.89,74.32469304229195,1367.209961,20.871160251822694,53.45353279046926,outperform
411,2008-05-17 08:24:31,1211037871.0,agn,0.429,54.11,47.63983628922237,1408.660034,24.535643805152176,23.104192484070197,outperform
412,2012-08-11 08:06:33,1344697593.0,agn,28.52,85.61,133.5879945429741,1402.219971,23.966296075754794,109.62169846721929,outperform
413,2012-08-22 22:58:41,1345701521.0,agn,28.52,85.43,133.09686221009554,1413.48999,24.96264653504617,108.13421567504938,outperform
414,2013-04-22 02:49:52,1366624192.0,agn,26.63,113.74,210.34106412005457,1562.5,38.13619947249123,172.20486464756334,outperform
415,2013-05-12 05:08:18,1368360498.0,agn,40.37,104.18,184.25648021828104,1626.670044,43.80929131130245,140.4471889069786,outperform
416,2004-02-15 09:40:39,1076866839.0,aig,1.15,74.72,103.87448840381992,1152.109985,1.8547806094136872,102.01970779440624,outperform
417,2004-08-18 11:50:54,1092855054.0,aig,1.173,68.32,86.41200545702591,1095.170044,-3.179118301260165,89.59112375828607,outperform
418,2005-01-18 04:07:03,1106050023.0,aig,1.162,66.14,80.46384720327421,1195.97998,5.733202612727092,74.73064459054712,outperform
419,2005-04-28 12:07:20,1114715240.0,aig,1.162,51.85,41.47339699863576,1143.219971,1.0688396511946479,40.404557347441106,outperform
420,2006-01-07 18:38:22,1136687902.0,aig,1.294,70.11,91.29604365620737,1273.459961,12.58298828347322,78.71305537273415,outperform
421,2006-06-17 17:06:59,1150589219.0,aig,1.384,59.87,63.356070941336974,1230.040039,8.744355959331129,54.61171498200584,outperform
422,2007-01-23 22:00:19,1169618419.0,aig,1.384,69.8,90.45020463847203,1427.98999,26.24455046615089,64.20565417232115,outperform
423,2007-03-15 06:01:57,1173963717.0,aig,1.687,67.0,82.81036834924966,1392.280029,23.087533956806322,59.72283439244333,outperform
424,2007-05-04 05:36:10,1178282170.0,aig,1.687,70.65,92.76944065484314,1505.619995,33.1075993338184,59.66184132102474,outperform
425,2007-06-05 04:27:22,1181042842.0,aig,1.614,72.55,97.95361527967258,1530.949951,35.346949000791476,62.6066662788811,outperform
426,2007-07-06 07:35:21,1183732521.0,aig,1.614,70.27,91.73260572987722,1530.439941,35.30186046121198,56.43074526866524,outperform
427,2008-01-23 16:02:26,1201132946.0,aig,1.918,52.07,42.0736698499318,1338.599976,18.3418325111091,23.731837338822697,outperform
428,2008-05-23 12:57:40,1211572660.0,aig,2.282,37.81,3.1650750341064224,1375.930054,21.642078975705356,-18.477003941598934,underperform
429,2008-09-21 02:42:52,1221990172.0,aig,2.411,3.85,-89.49522510231922,1206.51001,6.664132740427125,-96.15935784274635,underperform
430,2008-10-27 11:48:40,1225133320.0,aig,2.411,1.7,-95.36152796725784,848.919983,-24.949388730962006,-70.41213923629584,underperform
431,2008-12-17 11:42:57,1229542977.0,aig,3.273,1.8,-95.0886766712142,904.419983,-20.04279092569912,-75.04588574551508,underperform
432,2008-12-19 05:47:27,1229694447.0,aig,3.273,1.67,-95.44338335607094,887.8800050000001,-21.505043533877423,-73.93833982219351,underperform
433,2009-01-06 14:34:51,1231281291.0,aig,3.273,1.66,-95.47066848567532,934.7000119999999,-17.365819325073964,-78.10484916060136,underperform
434,2010-01-05 22:17:53,1262758673.0,aig,3.273,29.33,-19.972714870395635,1136.52002,0.47651595980781614,-20.44923083020345,underperform
435,2011-04-29 00:43:45,1304063025.0,aig,95.52,31.8,-13.23328785811732,1363.609985,20.552896570010102,-33.78618442812742,underperform
436,2011-09-02 15:22:28,1315002148.0,aig,85.55,24.08,-34.29740791268759,1173.969971,3.7873600568132755,-38.08476796950087,underperform
437,2011-11-03 02:27:12,1320312432.0,aig,76.86,24.19,-33.99727148703956,1261.150024,11.494701619200708,-45.491973106240266,underperform
438,2011-11-04 17:31:20,1320453080.0,aig,76.86,23.75,-35.19781718963165,1253.22998,10.794512961399171,-45.99233015103082,underperform
439,2012-01-02 19:39:36,1325561976.0,aig,81.27,23.2,-36.69849931787176,1257.599976,11.180851930455155,-47.87935124832691,underperform
440,2012-03-10 07:53:56,1331394836.0,aig,66.35,28.25,-22.91950886766712,1352.630005,19.582187637220358,-42.50169650488748,underperform
441,2012-07-01 20:48:59,1341200939.0,aig,74.18,32.09,-12.442019099590711,1329.040039,17.496665557908173,-29.938684657498882,underperform
442,2012-07-13 10:02:58,1342198978.0,aig,74.18,30.47,-16.862210095497954,1356.780029,19.94907950479132,-36.81128960028927,underperform
443,2012-11-12 11:30:45,1352748645.0,aig,71.9,32.17,-12.22373806275579,1380.030029,22.00454615294199,-34.228284215697784,underperform
444,2013-01-30 10:56:28,1359572188.0,aig,71.9,37.82,3.192360163710782,1501.959961,32.784026094330336,-29.591665930619556,underperform
445,2013-04-22 02:32:25,1366623145.0,aig,48.99,38.88,6.084583901773544,1562.5,38.13619947249123,-32.051615570717686,underperform
446,2013-05-11 13:26:32,1368303992.0,aig,45.01,44.18,20.545702592087316,1632.689941,44.341493354691806,-23.79579076260449,underperform
